frame,angry,disgust,fear,happy,neutral,sad,surprise
0,37.338414788246155,1.012080442160368,26.481974124908447,7.235785573720932,5.166592821478844,17.35914498567581,5.406007543206215
