frame,angry,disgust,fear,happy,neutral,sad,surprise
0,0.2987622283399105,0.07874569273553789,0.3722995985299349,0.2740349853411317,2.4778982624411583,96.46555781364441,0.03269693988841027
