frame,angry,disgust,fear,happy,neutral,sad,surprise
0,0.8642573840916157,0.06053961114957929,2.842751145362854,0.2736906288191676,26.059305667877197,69.87212300300598,0.027334681362845004
