frame,angry,disgust,fear,happy,neutral,sad,surprise
0,12.1715746819973,0.6702644750475883,15.427283942699432,8.89025628566742,4.93846982717514,55.507081747055054,2.395060285925865
