frame,angry,disgust,fear,happy,neutral,sad,surprise
0,9.006597101688385,1.7296649515628815,15.699401497840881,5.304036661982536,11.073556542396545,49.33394491672516,7.852791249752045
