frame,angry,disgust,fear,happy,neutral,sad,surprise
0,0.5638459231704473,0.031733501236885786,0.6979077588766813,1.2664255686104298,94.19752359390259,3.202291578054428,0.04027903487440199
