frame,angry,disgust,fear,happy,neutral,sad,surprise
0,30.559459328651428,0.9383442811667919,1.9012387841939926,0.5938080605119467,28.98753583431244,36.897432804107666,0.12217345647513866
